basin,cluster,below_dam,nid_dor_normal,gauged_outflow_area_frac,frac_snow,log_area,baseflow_index,high_prec_freq,lat,lon
01011000,c05,0,0.0623262,0,0.268949,8.06679,0.497409,19.3192,47.0696,-69.0795
01017000,c05,0,0.0405688,0,0.258479,8.36145,0.52199,19.7189,46.7773,-68.1572
01017290,c05,0,0.00187713,0,0.265014,6.38785,0.545373,19.83,46.8886,-67.945
01017960,c05,0,0.00495456,0,0.215672,5.42166,0.516242,20.4961,46.105,-67.8814
01019000,c14,1,1.33974,0,0.194453,6.43073,0.572984,20.6516,45.1725,-67.7688
01027200,c05,0,0.0188666,0,0.256517,6.36655,0.470083,19.941,45.9353,-69.9936
01029200,c05,0,0.0110204,0,0.23919,6.09796,0.527092,20.2075,46.1431,-68.6336
01029500,c05,0,0.0899505,0,0.235353,7.94318,0.517308,19.6967,45.7303,-68.5895
01030500,c05,0,0.0132344,0,0.218342,8.20963,0.54031,20.2741,45.501,-68.306
01031300,c05,0,0.00549152,0,0.207459,5.71827,0.460416,20.9847,45.2672,-69.5839
01031450,c05,0,0.00171881,0,0.19273,5.47685,0.458555,20.2075,45.1844,-69.4522
01031500,c05,0,0.00673674,0,0.195401,6.64515,0.459953,20.2963,45.175,-69.3147
01031510,c05,0,0.0372957,0,0.180144,4.24999,0.486641,20.6516,45.1503,-69.2364
01042500,c14,1,1.27245,0,0.240926,8.32467,0.47058,19.83,45.3397,-69.9621
01043500,c05,1,0.398055,0,0.240951,7.20318,0.458242,19.7411,45.2305,-70.1998
01044550,c05,0,0.0324578,0,0.233294,6.21413,0.457033,20.2075,45.3136,-70.2417
01046000,c05,0,0.0200769,0,0.216674,5.49371,0.451683,20.0742,45.0652,-69.8808
01046500,c15,1,0.875723,0.774851,0.235907,8.86176,0.463874,19.5413,45.0521,-69.8855
01047150,c15,1,0.731047,0.836752,0.230319,9.03999,0.463785,19.5857,44.7789,-69.8869
01047200,c05,0,0,0,0.207944,4.18428,0.440055,19.9188,44.8578,-70.4853
01052500,c14,1,1.05972,0,0.244657,5.95018,0.483739,18.0535,44.8774,-71.0575
01054200,c05,0,0.00104224,0,0.224023,5.19839,0.473934,19.2748,44.3904,-70.9796
01054300,c05,0,0,0,0.203002,5.82225,0.471157,19.5635,44.5932,-70.733
01055000,c05,0,0.00287991,0,0.250658,5.52402,0.456955,19.6301,44.6427,-70.5888
01059000,c15,1,0.231694,0.633489,0.208856,9.04124,0.494361,18.4532,44.0723,-70.208
01064801,c05,0,0,0,0.168654,5.1556,0.550757,20.5405,43.8301,-71.2878
01067950,c00,0,0,0,0.0798281,4.26975,0.539104,21.8285,43.4322,-70.5533
01068910,c08,1,0.228911,0,0.0975006,4.76528,0.551314,21.8285,43.4183,-70.7381
01069500,c15,1,0.149026,0.443696,0.116708,5.57789,0.544783,21.5842,43.4183,-70.6583
01072800,c00,0,0.0883398,0,0.118622,5.49698,0.532776,21.6064,43.2684,-70.9737
01073319,c00,0,0.00368304,0,0.101128,4.97255,0.47096,21.2511,43.0423,-71.2006
01073500,c00,0,0.137627,0,0.0945903,6.15515,0.471977,21.0957,43.1026,-70.9526
01073587,c00,0,0.00237052,0,0.0957259,5.09408,0.48186,21.4954,42.9845,-71.0384
01074520,c05,0,0,0,0.240471,5.69437,0.466625,19.1638,44.0476,-71.6598
01075000,c05,0,0.000245732,0,0.230882,6.22315,0.47298,19.4747,43.9762,-71.6795
01076000,c05,0,0.00533169,0,0.191483,5.913,0.472895,20.9847,43.7956,-71.8454
01076500,c05,0,0.00193005,0,0.203766,7.38333,0.490449,20.3629,43.7592,-71.6856
01077400,c00,0,0.00324454,0,0.163807,4.02883,0.516809,21.4288,43.7039,-71.8333
01078000,c00,0,0.00432753,0,0.162336,5.40473,0.537259,21.1623,43.5665,-71.7479
01081000,c08,1,0.406476,0,0.145666,7.10412,0.624829,21.4066,43.4417,-71.5876
01081500,c15,1,0.117106,0.311399,0.171698,8.2708,0.556122,20.5405,43.4229,-71.6529
01082000,c00,0,0.0535443,0,0.146446,5.16492,0.461766,22.0728,42.8626,-71.9592
01085000,c08,1,0.0506689,0,0.14541,6.85654,0.455382,22.0506,43.152,-71.8573
01085500,c15,1,0.0523402,0.864376,0.145441,7.00228,0.460541,22.0506,43.1929,-71.7473
01086000,c08,1,0.0199657,0,0.145277,5.94431,0.497507,21.562,43.2512,-71.7323
01089500,c08,1,0.0804786,0,0.129222,5.99346,0.572112,21.3178,43.2567,-71.3695
01091000,c00,0,0.00866462,0,0.123608,5.58635,0.469633,22.1394,43.0148,-71.6415
01092000,c15,1,0.0947786,0.789806,0.152199,8.98565,0.529462,20.585,42.9481,-71.4634
01093852,c00,0,0.0192186,0,0.126286,5.57483,0.466891,21.6953,42.8426,-71.7067
01094000,c00,0,0.0125114,0,0.119705,6.08791,0.469025,21.7175,42.8576,-71.5062
01096000,c00,0,0.00836785,0,0.101358,5.15408,0.491019,21.6953,42.6343,-71.6578
01096500,c14,1,1.33905,0.0699038,0.0964184,7.02614,0.516157,21.3844,42.6676,-71.5751
010965852,c00,0,0.0572133,0,0.100936,4.81284,0.496873,21.8729,42.7829,-71.3537
01097000,c00,0,0.0954259,0,0.0813481,5.70148,0.555128,22.2948,42.432,-71.4498
01098530,c00,0,0.294608,0,0.0769032,5.61398,0.580993,22.206,42.3254,-71.3976
01099500,c00,0,0.132397,0,0.0793078,6.94265,0.564272,21.8063,42.6368,-71.302
01100000,c15,1,0.187827,0.760499,0.134981,9.39127,0.525965,20.1186,42.6459,-71.2984
01100561,c00,0,0.167772,0.270783,0.0955622,5.06448,0.513086,21.7397,42.7431,-71.2084
01100600,c08,1,0.161119,0,0.0850865,4.56873,0.564106,22.317,42.5681,-71.2148
01100627,c00,0,0.0908001,0,0.0867921,5.15394,0.555125,21.7841,42.6715,-71.1492
01101000,c00,0,0.00711258,0,0.0616846,4.01598,0.536216,21.6286,42.7529,-70.9456
01101500,c00,0,0.105177,0,0.0848997,4.74739,0.551085,21.9395,42.5695,-71.027
01103280,c00,0,0.0289178,0,0.0771768,5.1306,0.570915,22.4725,42.1398,-71.3895
01108000,c00,0,0.0655653,0,0.0647985,6.51861,0.537008,22.206,41.934,-70.9564
01108410,c08,1,0.0522212,0,0.074008,4.8042,0.541953,21.8729,41.8998,-71.0895
01109000,c08,1,0.118691,0,0.069431,4.72511,0.555109,21.9173,41.9476,-71.1767
01109060,c00,0,0.0690245,0.512223,0.0693088,5.3941,0.553071,21.9839,41.8662,-71.1228
01109403,c08,1,0.0308655,0,0.069431,4.92429,0.54819,21.9173,41.8309,-71.3512
01109730,c00,0,0.103781,0,0.0932014,5.22441,0.528956,21.8285,42.189,-71.7651
01110000,c08,1,0.0569971,0,0.0888292,4.19091,0.535556,21.7175,42.2304,-71.7109
01111212,c00,0,0.0648922,0.104656,0.0856751,6.44799,0.53246,22.0506,42.0548,-71.6165
01111500,c08,1,0.072611,0.173085,0.0762765,5.46907,0.531801,22.206,41.9965,-71.5626
01117370,c04,0,0.0201938,0,0.0409652,3.92153,0.647189,22.4947,41.539,-71.5687
01117800,c04,0,0.0211029,0,0.0534511,4.50828,0.612588,22.6945,41.574,-71.7206
01119500,c08,1,0.0560773,0,0.0901119,5.75208,0.529709,21.7175,41.7507,-72.2656
01121000,c00,0,0.04193,0,0.0923496,4.25211,0.491947,21.2956,41.8437,-72.169
01122000,c08,1,0.0457398,0,0.0766098,6.11653,0.496623,22.1394,41.7198,-72.1956
01122500,c00,0,0.037534,0.300291,0.0759281,6.95509,0.515891,21.9395,41.7004,-72.182
01123000,c00,0,0,0,0.0555663,4.35482,0.500243,21.7841,41.6718,-72.0523
01125000,c00,0,0.146052,0,0.0890503,5.40372,0.525906,22.2282,42.0509,-71.8851
01125100,c00,0,0.172325,0,0.0890503,5.56959,0.524069,22.2282,41.9781,-71.9004
01125500,c15,1,0.117091,0.516611,0.0830907,6.7333,0.522882,21.9173,41.9093,-71.9128
01127000,c08,1,0.086344,0.235988,0.0716918,7.51681,0.529273,21.9395,41.5979,-71.9842
01127500,c00,0,0.0680909,0,0.0532499,5.44127,0.510921,22.0506,41.5587,-72.1215
01129200,c14,1,0.571652,0,0.249288,6.49034,0.490961,17.5427,45.0403,-71.444
01130000,c05,0,0.00826,0,0.208948,6.39352,0.483449,17.676,44.6251,-71.469
01133000,c05,0,0,0,0.260273,4.92944,0.473447,18.4754,44.6339,-71.8976
01134500,c05,0,0,0,0.229499,5.27367,0.470674,18.0979,44.5117,-71.8373
01135500,c05,0,0.00299253,0,0.201999,7.02545,0.468103,18.3866,44.3656,-72.0393
01139000,c05,0,0.00131341,0,0.180085,5.50669,0.483769,20.1408,44.1503,-72.0651
01142500,c05,0,0,0,0.187308,4.40875,0.477889,20.4295,43.9345,-72.6579
01144000,c05,0,0.00171626,0,0.197409,7.49011,0.487061,19.9632,43.7142,-72.4182
01150900,c05,0,0,0,0.219339,4.1136,0.477149,20.0742,43.6223,-72.759
01151500,c08,1,0.00869065,0,0.191181,6.35637,0.481186,20.585,43.6026,-72.3543
01152500,c00,0,0.124458,0,0.171753,6.55162,0.46833,21.5176,43.3876,-72.362
01153550,c00,0,3.73496e-05,0,0.173405,5.66833,0.444575,21.5398,43.1917,-72.4851
01154500,c15,1,0.0880952,0.128959,0.201824,9.56241,0.478581,17.8314,43.1262,-72.4368
01155500,c08,1,0.00870663,0,0.200446,6.13082,0.446447,20.1853,43.109,-72.7754
01157000,c08,1,0.18539,0,0.177879,5.20718,0.444062,21.9173,43.0392,-72.2701
01158000,c15,1,0.138959,0.691782,0.177879,5.57566,0.445873,21.9173,42.9948,-72.3112
01160350,c00,0,0.0972886,0.32264,0.152897,6.70688,0.449105,21.7175,42.8712,-72.3279
01161000,c00,0,0.0745968,0.242201,0.147587,6.99365,0.454889,21.6286,42.7859,-72.4862
01162000,c00,0,0.0809697,0,0.149308,5.35953,0.479061,21.5176,42.6843,-72.0834
01163200,c00,0,0.0820717,0,0.137103,4.48243,0.500548,20.8736,42.5884,-72.0409
01166500,c00,0,0.0800412,0.0514841,0.129072,6.8726,0.485528,21.4954,42.5976,-72.4381
01168500,c08,1,0.240858,0,0.18488,6.84429,0.458442,20.4961,42.6259,-72.8551
01169000,c00,0,8.06551e-05,0,0.124364,5.44086,0.455196,21.8507,42.6384,-72.7251
01169900,c08,1,0.000450019,0,0.104895,4.1321,0.475181,21.4288,42.542,-72.6937
01170000,c15,1,0.160926,0.68956,0.168782,7.28027,0.459918,20.9847,42.5359,-72.6534
01170100,c00,0,0,0,0.154582,4.67276,0.456951,21.8507,42.7034,-72.6706
01170500,c15,1,0.0987963,0.199053,0.182112,9.92278,0.47311,18.3866,42.5787,-72.5745
01171500,c00,0,0.0637352,0,0.0918433,4.94012,0.46826,21.8729,42.319,-72.6651
01172500,c08,1,0.41182,0,0.12096,4.9607,0.511754,21.0069,42.4251,-72.0245
01173000,c15,1,0.26285,0.573128,0.12096,5.51734,0.507536,21.0069,42.3906,-72.0604
01173500,c00,0,0.140357,0.487863,0.105502,6.23506,0.510713,21.0069,42.2362,-72.2726
01181000,c08,1,0.0725588,0,0.137798,5.4951,0.433608,20.807,42.2373,-72.8957
01183500,c15,1,0.163083,0.514872,0.109695,7.16457,0.447872,20.8514,42.1068,-72.699
01185500,c00,0,0.206136,0,0.139162,5.46985,0.432579,20.6294,42.0793,-73.0729
01186000,c08,1,0.196772,0,0.139162,5.8099,0.441085,20.6294,41.9629,-73.0176
01186500,c14,1,0.645006,0,0.107291,5.40037,0.471805,21.2511,41.9673,-73.034
01187300,c00,0,0,0,0.119473,3.98748,0.445576,21.3178,42.0373,-72.939
01188090,c12,0,0.4457,0.289493,0.111434,6.88529,0.475635,20.9181,41.7559,-72.8868
01189995,c15,1,0.3223,0.189596,0.0925089,7.30853,0.486825,21.1401,41.9084,-72.7607
01191000,c00,0,0.00195905,0,0.0607253,4.23277,0.463731,21.562,41.7843,-72.7082
01192500,c00,0,0.0465236,0,0.0742548,5.25053,0.524258,21.9839,41.7832,-72.5873
01192883,c04,0,0.0113218,0,0.0525028,4.3549,0.492147,22.5835,41.5201,-72.7059
01193500,c00,0,0.0712483,0,0.0629613,5.60306,0.526262,22.2948,41.5523,-72.4492
01194000,c04,0,0.00378522,0,0.0546976,3.95722,0.500037,22.8056,41.4418,-72.3329
01196500,c08,1,0.115622,0,0.0605241,5.65511,0.498153,22.0284,41.4495,-72.8409
01196620,c04,0,0.00346995,0,0.0498142,4.15591,0.493235,22.2504,41.4209,-72.9029
01197000,c00,0,0.104682,0,0.162851,5.00766,0.447807,20.696,42.4695,-73.1965
01197500,c00,0,0.0898395,0,0.148803,6.59696,0.448237,19.7189,42.232,-73.3548
01198000,c00,0,0.022303,0,0.143083,4.88452,0.455424,20.3407,42.192,-73.3907
01198125,c00,0,0.0849367,0,0.140278,7.09889,0.45391,20.0964,42.0748,-73.3335
01203805,c00,0,0.0157,0,0.0693324,4.24971,0.469249,21.0957,41.5576,-73.2151
01208990,c04,0,0.000540905,0,0.0689933,3.98476,0.480651,21.562,41.2945,-73.3951
01331500,c00,0,0.00686267,0,0.16354,4.79617,0.460154,20.7626,42.6112,-73.124
01333000,c00,0,0.0140237,0,0.137893,4.71996,0.469727,20.1186,42.709,-73.1968
01382500,c14,1,0.589691,0,0.0901873,5.10076,0.445865,21.8729,41.0183,-74.4011
01413500,c07,0,0.0018209,0,0.154936,6.04998,0.431108,18.6975,42.1448,-74.6535
01415000,c07,0,0.00156829,0,0.154623,4.45002,0.439701,19.2304,42.1201,-74.8185
01417000,c14,1,1.09113,0,0.153905,6.86791,0.437099,18.653,42.0751,-74.9763
01420500,c00,0,0.0110734,0,0.14045,6.44102,0.464574,20.163,41.9465,-74.9796
01421000,c12,0,0.519274,0.473488,0.14619,7.61553,0.44578,18.9195,41.9731,-75.1741
01423000,c07,0,0.00287031,0,0.163191,6.75656,0.420514,18.3866,42.1662,-75.1399
01425000,c14,1,0.635732,0,0.159757,7.07375,0.418177,18.2089,42.0748,-75.396
01426500,c15,1,0.489576,0.766932,0.155946,7.33911,0.415422,18.1645,42.0031,-75.3835
01427207,c12,0,0.440387,0.520096,0.147491,8.323,0.431402,18.4532,41.8673,-75.2138
01427510,c12,0,0.386887,0.453227,0.144476,8.46062,0.433538,18.5198,41.7568,-75.0574
01432110,c12,0,0.221646,0.48991,0.116209,7.33181,0.420236,20.0742,41.4759,-75.0363
01449800,c14,1,0.50147,0,0.0837116,5.5194,0.569049,21.3844,40.8456,-75.6457
01451000,c12,0,0.0835338,0.436286,0.0976302,7.73937,0.544973,20.4961,40.757,-75.603
01451800,c04,0,0,0,0.0712385,4.91151,0.533563,21.6064,40.6618,-75.6269
01455500,c14,1,1.61725,0,0.0756722,4.17527,0.549065,22.0728,40.9172,-74.6656
01466900,c04,0,0.00131328,0,0.0342719,5.26282,0.701182,22.4725,39.9561,-74.6278
01468500,c04,0,0.0711662,0,0.0805393,5.84125,0.525477,21.562,40.6293,-76.1247
01469500,c04,0,0.367902,0,0.0907543,4.73921,0.524314,21.3178,40.807,-75.9719
01470500,c01,0,0.094638,0,0.0783004,6.8295,0.524534,21.5176,40.5226,-75.9983
01470779,c04,0,0,0,0.0743153,5.18828,0.570615,21.7397,40.4134,-76.1716
01470960,c08,1,0.333233,0,0.0678202,6.13423,0.556557,21.3844,40.3706,-76.0252
01471000,c15,1,0.276849,0.828186,0.0678202,6.32274,0.553225,21.3844,40.369,-75.9791
01471510,c01,0,0.118926,0.200295,0.0706307,7.74219,0.527753,21.2511,40.3348,-75.9363
01472000,c01,0,0.0946971,0.155253,0.068011,7.99693,0.523696,21.0291,40.2418,-75.6516
01473500,c13,1,0.0712727,0.101168,0.0645412,8.4252,0.509065,21.3622,40.1112,-75.3468
01476480,c04,0,0.00846389,0,0.0546144,4.36149,0.562699,22.095,39.9162,-75.4033
01477000,c04,0,0.000865356,0,0.0546144,5.05621,0.553428,22.095,39.869,-75.4082
01478000,c04,0,0.0477426,0,0.0418539,3.98923,0.51714,22.6945,39.6374,-75.7279
01478245,c04,0,0.00620468,0,0.0487293,5.03284,0.558398,22.3836,39.7475,-75.7708
01478650,c04,0,0.00535996,0,0.0487293,5.17897,0.554233,22.3836,39.6892,-75.7487
01479000,c04,0,0.00412127,0,0.0442105,5.44147,0.546256,22.3614,39.6992,-75.675
01479820,c04,0,0,0,0.0488612,4.27013,0.563951,22.4725,39.8168,-75.6916
01480000,c04,0,0,0,0.0488612,4.80903,0.552709,22.4725,39.7628,-75.6365
01480015,c04,0,0,0,0.0488612,4.91174,0.550084,22.4725,39.7158,-75.6399
01480500,c04,0,0.0636855,0.100844,0.0619721,4.78228,0.52864,21.7397,39.9857,-75.8274
01480617,c04,0,0.0531098,0.0838994,0.0619721,4.96624,0.530716,21.7397,39.9618,-75.8013
01480685,c08,1,0.293198,0,0.0595753,3.95246,0.527631,21.6731,40.0554,-75.7163
01480700,c04,0,0.153503,0.335438,0.0595753,5.04478,0.526153,21.6731,40.0348,-75.7085
01480870,c04,0,0.104125,0.224254,0.0595753,5.44744,0.531879,21.6731,39.9687,-75.6733
01481000,c04,0,0.0444924,0.0848832,0.0571533,6.62695,0.542969,21.4732,39.8698,-75.5933
01483700,c08,1,0.0502757,0,0.0200113,4.39398,0.568455,22.0284,39.1637,-75.5191
01484525,c04,0,0.00864382,0,0.0137735,5.07463,0.650998,22.7834,38.5946,-75.291
01488500,c04,0,0.000692722,0,0.021214,4.83056,0.583269,22.2282,38.8497,-75.6731
01491500,c04,0,0.000328724,0,0.0310896,5.40729,0.539582,21.7397,38.9668,-75.9431
01493000,c04,0,0.00573152,0,0.0294217,3.93029,0.528054,21.6508,39.2497,-75.8613
01518700,c15,1,0.056766,0.63418,0.128296,7.04091,0.353788,19.4747,41.9526,-77.1152
01518862,c07,0,0.0155116,0,0.144653,5.45494,0.355254,18.8973,41.9231,-77.5319
01520000,c10,1,0.129584,0,0.134955,6.6545,0.351456,18.2755,41.9967,-77.14
01534500,c07,0,0.0662033,0.349565,0.13151,5.64134,0.423401,19.297,41.5045,-75.5421
01534860,c07,0,0.045449,0.21865,0.127513,6.11055,0.430583,19.2748,41.4412,-75.6421
01548005,c08,1,0.045174,0.0781272,0.106194,7.28156,0.559898,20.2297,41.0809,-77.5494
01553700,c03,0,0.0385009,0,0.0728656,4.89545,0.406567,20.6516,41.0618,-76.6802
01555000,c01,0,0.00150633,0,0.109819,6.67534,0.546052,20.2963,40.8667,-77.0483
01555500,c04,0,0.00017825,0,0.0879421,6.04431,0.513459,21.34,40.6112,-76.9119
01564500,c03,0,0.000245262,0,0.0889414,6.09933,0.401857,20.8292,40.2126,-77.9253
01566000,c01,0,0.000176802,0,0.0896535,6.2984,0.463595,20.4739,40.5154,-77.4192
01573825,c01,0,0.0277241,0,0.0744023,6.33984,0.507133,21.4732,39.9412,-76.9944
01581700,c04,0,0.0105817,0,0.0550997,4.50039,0.593966,21.9617,39.5199,-76.373
01581920,c14,1,0.94448,0,0.0757877,5.3519,0.635232,21.8285,39.6189,-76.6903
01582000,c04,0,0.00241864,0,0.0728798,4.93591,0.644089,22.2948,39.6041,-76.6205
01589000,c14,1,0.624652,0,0.060378,6.60507,0.608679,22.206,39.3103,-76.7924
01589300,c04,0,0.00672589,0,0.0601884,4.43698,0.577177,22.6057,39.3459,-76.7332
01589352,c04,0,0.0436691,0,0.0530601,5.06966,0.5172,22.4725,39.2715,-76.6486
01589440,c08,1,0.0519457,0,0.057707,4.17598,0.553022,22.0061,39.3917,-76.6609
01594526,c03,0,0.0154446,0,0.0324158,5.45355,0.447002,22.206,38.8142,-76.7487
01599000,c03,0,0.000756126,0,0.120247,5.23895,0.409198,20.7848,39.4939,-79.0447
01601000,c07,0,0.000171005,0,0.101457,5.93491,0.386176,19.5413,39.812,-78.7164
01601500,c07,0,0.000100803,0,0.0954331,6.46361,0.387116,19.5635,39.6696,-78.788
01603000,c12,0,0.169446,0.427789,0.101605,7.7263,0.400537,18.9639,39.6218,-78.7734
01604500,c07,0,0.00669446,0,0.0750571,6.34705,0.405454,19.408,39.4431,-78.822
01605500,c02,0,0,0,0.0863886,6.13956,0.407237,19.186,38.6357,-79.3378
01606000,c02,0,0,0,0.108132,6.69082,0.378075,17.6316,38.9846,-79.2337
01606500,c02,0,0,0,0.0959558,7.42925,0.389303,18.2755,38.9912,-79.1759
01607500,c01,0,0.0145169,0,0.0938267,5.58791,0.439639,19.9188,38.6315,-79.2437
01608000,c01,0,0.0100212,0,0.0887111,6.57588,0.423986,19.83,39.0123,-78.9561
01608500,c02,0,0.00319107,0,0.0829404,8.23856,0.398874,18.4088,39.447,-78.6542
01609000,c03,0,0,0,0.0928583,5.9568,0.345354,21.4732,39.5532,-78.555
01610000,c13,0,0.0662145,0.120233,0.0877746,8.9955,0.39171,18.3644,39.5389,-78.4564
01610155,c03,0,0.00137463,0,0.0838581,5.58414,0.336245,21.0291,39.6495,-78.3441
01611500,c01,0,0.00445917,0,0.0866184,7.46651,0.391174,20.9181,39.5823,-78.3097
01613000,c13,0,0.0537968,0.0918729,0.0872571,9.26453,0.3878,18.6975,39.6976,-78.1779
01613095,c03,0,0,0,0.0767593,5.6787,0.363259,21.2511,39.7064,-78.1527
01613525,c03,0,0.0212114,0,0.0811557,6.21885,0.406298,21.0735,39.6777,-78.0365
01614000,c01,0,0.0568473,0,0.0751801,6.40914,0.430332,21.2511,39.512,-78.0372
01614500,c01,0,0.0138006,0,0.0789398,7.17739,0.481744,21.0513,39.7164,-77.8248
01615000,c03,0,0.00553146,0,0.0565141,5.00712,0.465082,21.7841,39.1747,-78.0783
01616500,c01,0,0.00238235,0,0.0648992,6.56012,0.498037,21.5842,39.4237,-77.9386
01618000,c13,1,0.0436966,0.0628876,0.0822356,9.64359,0.412011,18.9639,39.4347,-77.8014
01619000,c04,0,0.00902627,0,0.0902702,5.49702,0.508331,21.6508,39.7165,-77.6075
01622000,c01,0,0.0335875,0,0.0691541,6.87785,0.45704,21.1401,38.3404,-78.9136
01625000,c01,0,0.00230959,0,0.0501828,6.87122,0.498828,20.5628,38.2618,-78.862
01626000,c01,0,0.0146075,0,0.0547957,5.79514,0.516825,21.0291,38.0576,-78.9081
01626850,c01,0,0.0127598,0,0.0551349,5.95076,0.517655,20.9403,38.0887,-78.877
01627500,c01,0,0.00917075,0,0.055372,6.30493,0.511009,20.4517,38.2187,-78.8367
01628500,c01,0,0.015089,0,0.0574515,7.93484,0.484759,20.163,38.3226,-78.7547
01629500,c13,1,0.0130973,0,0.0566869,8.17519,0.477244,20.0964,38.6462,-78.5347
01631000,c09,0,0.0122336,0.83955,0.0585818,8.35008,0.474546,19.83,38.914,-78.2108
01632000,c01,0,0.00265425,0,0.0732288,6.29777,0.42972,20.6072,38.6371,-78.8528
01632082,c03,0,0.00191324,0,0.0468757,4.75285,0.445489,21.5842,38.6068,-78.8034
01632900,c03,0,0,0,0.0534419,5.50146,0.45234,21.3178,38.6935,-78.6428
01633000,c01,0,0.00215494,0,0.0645764,7.18466,0.438886,20.3185,38.7457,-78.6389
01634000,c01,0,0.00432932,0,0.0624391,7.59851,0.437163,20.3407,38.9768,-78.3361
01634500,c03,0,0.00316906,0,0.0784231,5.57588,0.427548,21.7397,39.0812,-78.3294
01635500,c03,0,0.00119877,0,0.0588974,5.41233,0.45079,21.4954,38.9582,-78.2667
01636316,c03,0,0,0,0.0526545,4.04798,0.461574,21.3178,39.067,-78.0038
01636500,c13,1,0.0108921,0.451133,0.0614673,8.97119,0.461652,19.6301,39.282,-77.7892
01637500,c04,0,0.00164295,0,0.0889844,5.1607,0.532072,21.9839,39.4272,-77.5562
01638350,c03,0,0.00891288,0,0.057301,4.40515,0.459707,21.451,39.1911,-77.6154
01638420,c04,0,0.0234343,0,0.057301,4.09559,0.524206,21.451,39.205,-77.6239
01638480,c04,0,0.0108785,0,0.0544246,5.44672,0.49484,21.4732,39.2545,-77.5764
01639000,c01,0,0.0156505,0,0.0682969,6.10614,0.475057,21.7175,39.6788,-77.2345
01639500,c04,0,0.00103978,0,0.0771444,5.58792,0.521186,22.5169,39.6124,-77.2374
01642190,c01,0,0.00594077,0,0.0691714,7.50642,0.482121,21.6286,39.4434,-77.3825
01643000,c01,0,0.00908151,0,0.0682764,7.6556,0.486438,21.3844,39.4028,-77.3661
01643500,c04,0,0.00129944,0,0.0584807,5.09893,0.519262,22.1838,39.2941,-77.4071
01643805,c03,0,0.102455,0,0.0508345,4.59179,0.435216,21.6508,39.0723,-77.6839
01643880,c03,0,0.0122845,0,0.0565688,4.80876,0.406273,20.8958,39.0377,-77.7223
01644280,c03,0,0.0210091,0,0.0467192,5.28245,0.317601,22.0061,39.0464,-77.4324
01645000,c04,0,0.183557,0,0.0525728,5.56999,0.517593,21.7397,39.1281,-77.3358
01646000,c03,0,0.0202827,0,0.0482473,5.00971,0.309819,22.2504,38.9759,-77.2458
01649500,c03,0,0.0140016,0,0.0456058,5.23677,0.472902,21.3178,38.9603,-76.926
01650500,c04,0,0,0,0.0498638,4.00294,0.505501,21.3622,39.0657,-77.0293
01653000,c03,0,0.0918852,0,0.0401103,4.46942,0.324662,22.6057,38.8065,-77.1097
01653600,c03,0,0,0,0.0309952,4.63211,0.395045,22.206,38.7058,-76.9662
01654000,c03,0,0.00947042,0,0.0401103,4.10608,0.282883,22.6057,38.8129,-77.2283
01656000,c03,0,0.0658069,0,0.0428485,5.48592,0.353777,22.1616,38.6368,-77.625
01658000,c03,0,0.000149378,0,0.0309952,4.96806,0.398455,22.206,38.5961,-77.056
01660400,c03,0,0.00890935,0,0.0341789,4.50754,0.307815,22.2726,38.4904,-77.4336
01660920,c03,0,0.00852505,0,0.0312719,5.33999,0.441816,22.095,38.4906,-76.9271
01661500,c04,0,0.154171,0,0.0119806,4.18038,0.493611,21.4954,38.2417,-76.5037
01662800,c03,0,0.01268,0,0.0446736,4.1995,0.46021,20.6294,38.6557,-78.0739
01663500,c01,0,0.00907224,0,0.0510142,6.60572,0.475017,20.3185,38.5918,-77.965
01664000,c01,0,0.00900607,0,0.0474979,7.38094,0.457476,20.6294,38.5307,-77.8136
01665500,c01,0,0.0254957,0,0.047239,5.69236,0.452033,20.3185,38.2807,-78.34
01666500,c01,0,0.0072832,0,0.0343712,6.13804,0.485011,20.7404,38.3251,-78.0956
01667500,c01,0,0.0115935,0,0.0394533,7.09817,0.468703,20.7404,38.3504,-77.975
01668000,c01,0,0.0390289,0,0.0416474,8.32725,0.451259,20.807,38.3085,-77.5292
01669000,c04,0,0.0113903,0,0.0233225,4.27445,0.517172,21.9617,37.8771,-76.9005
01669520,c04,0,0.00602035,0,0.0170689,5.62541,0.529904,21.5398,37.6338,-76.6964
01670400,c14,1,1.21074,0,0.0372668,6.78741,0.43762,21.5842,38.0129,-77.7011
01671020,c12,0,0.89852,0.738509,0.0369382,7.09053,0.433647,21.6286,37.8501,-77.4278
01671100,c03,0,0.0197205,0,0.0371297,5.62638,0.417547,21.6953,37.8726,-77.513
01672500,c01,0,0.0509763,0,0.0359091,6.93059,0.432339,21.4732,37.7968,-77.5489
01673000,c12,0,0.407536,0.317072,0.03549,7.93604,0.431639,21.562,37.7676,-77.3322
01673550,c03,0,0.0224743,0,0.0286913,4.1796,0.459351,22.095,37.6626,-77.2578
01673800,c03,0,0.107425,0,0.0367813,5.30247,0.420536,21.7397,38.1715,-77.5947
01674000,c03,0,0.101403,0,0.0355683,6.50072,0.41562,21.9617,38.0618,-77.3858
01674500,c01,0,0.0679992,0,0.0315394,7.34908,0.435077,21.7841,37.8879,-77.163
02011400,c01,0,0.000183762,0,0.0794735,6.01057,0.403837,20.4739,38.0423,-79.8814
02011460,c03,0,0,0,0.0956252,5.05204,0.395529,19.7189,38.2454,-79.7687
02011470,c10,1,0.430419,0,0.0956252,5.30048,0.397626,19.7189,38.1904,-79.8117
02011500,c12,1,0.546445,0.575905,0.0867832,5.85229,0.403868,19.6301,38.0696,-79.897
02011800,c10,1,0.595719,0.223929,0.0842929,6.79691,0.407261,20.1186,37.9485,-79.9492
02013000,c01,0,5.59602e-05,0,0.0613995,6.05156,0.443322,20.585,37.8029,-80.047
02013100,c09,1,0.33738,0.562672,0.0732933,7.37196,0.421687,19.4969,37.7887,-80.0006
02014000,c01,0,5.93576e-06,0,0.0663998,5.98339,0.458806,19.9854,37.729,-80.0423
02015700,c01,0,0,0,0.0778392,5.65391,0.404742,19.6967,38.1954,-79.5703
02016000,c01,0,0.00171868,0,0.0648171,7.08553,0.414026,19.6301,37.7918,-79.7595
02016500,c12,0,0.15239,0.251549,0.0684685,8.17702,0.425197,19.2748,37.7737,-79.7845
02017500,c01,0,0.00303363,0,0.061794,5.62094,0.480606,20.0742,37.5062,-80.1067
02018000,c01,0,0.000982897,0,0.0536823,6.74799,0.480216,20.4739,37.666,-79.9114
02018500,c03,0,0.00131834,0,0.0533541,4.51778,0.493643,21.0291,37.4682,-80.0053
02019500,c01,0,0.101138,0.166416,0.0616353,8.59017,0.442441,19.6301,37.5307,-79.6789
02020500,c01,0,0.000656315,0,0.0703814,5.90157,0.43005,20.7182,37.9879,-79.4937
02021500,c01,0,0.0176525,0,0.0609398,6.74723,0.423796,20.585,37.9074,-79.422
02022500,c03,0,0,0,0.0338851,4.51193,0.431846,21.8729,37.8257,-79.4431
02024000,c01,0,0.00973037,0,0.0581494,7.42349,0.436626,20.7404,37.7626,-79.3914
02024752,c13,0,0.0728274,0.112219,0.0594327,8.98421,0.44295,19.6523,37.5554,-79.3673
02024915,c03,0,0,0,0.055857,4.26334,0.463567,21.5176,37.6975,-79.2783
02025500,c13,1,0.0708802,0.106009,0.0577235,9.04114,0.445505,19.7189,37.5013,-79.2625
02026000,c09,0,0.0655111,0.884785,0.0561821,9.16355,0.45496,19.7411,37.5363,-78.8295
02027000,c01,0,0.000957467,0,0.05084,5.48383,0.519119,21.2956,37.7154,-78.9817
02027500,c03,0,0.000576555,0,0.0673475,4.81496,0.495205,20.7404,37.7024,-79.0275
02028500,c01,0,0.00375542,0,0.0391778,5.50311,0.5194,20.8292,37.8696,-78.8234
02029000,c09,0,0.0533363,0.710975,0.0520508,9.38226,0.467178,19.6079,37.7974,-78.4914
02030000,c03,0,0.0217639,0,0.0417562,5.7022,0.476181,21.3844,37.8126,-78.4553
02030500,c01,0,0.0116931,0,0.0381112,6.37331,0.51709,21.8507,37.7029,-78.3775
02031000,c03,0,0.0511578,0,0.039426,5.50501,0.472805,20.7848,38.1026,-78.5928
02032250,c03,0,0.0274245,0,0.0622189,5.29652,0.449366,21.1401,38.1407,-78.5558
02032640,c03,0,0.0287671,0,0.0471098,5.63569,0.436989,20.9403,38.1635,-78.4247
02034000,c01,0,0.128243,0,0.0399348,7.44831,0.450054,20.5628,37.8579,-78.2658
02035000,c09,0,0.0791345,0.520968,0.0472816,9.69321,0.467858,19.3192,37.671,-78.0858
02036500,c03,0,0.15029,0,0.0349694,4.06315,0.439853,22.0284,37.5979,-77.8197
02037500,c09,0,0.078523,0.48235,0.0463563,9.77023,0.466011,19.4969,37.5632,-77.5469
02039000,c03,0,0.0240205,0,0.0310428,5.19352,0.476754,22.2282,37.2571,-78.4864
02039500,c01,0,0.0242451,0,0.0326829,6.66542,0.493358,22.2504,37.3071,-78.3886
02040000,c01,0,0.0484651,0,0.0319558,7.53829,0.466938,22.0061,37.4215,-77.8589
02041000,c03,0,0.0223503,0,0.0308442,6.01441,0.424943,22.2948,37.2832,-77.8697
02041650,c13,1,0.0683173,0,0.0327129,8.1555,0.449867,21.9173,37.2252,-77.4753
02042500,c01,0,0.010308,0,0.0270175,6.47224,0.462821,21.9617,37.4363,-77.0608
03010655,c07,0,0,0,0.147477,5.53907,0.382429,17.8758,41.9617,-78.1981
03011800,c07,0,0,0,0.150178,4.60612,0.421014,17.8314,41.7665,-78.7186
03015500,c07,0,0.00383708,0,0.136526,6.66549,0.403384,17.6538,41.8526,-79.3173
03017500,c07,0,0.000891202,0,0.129721,6.39872,0.448577,17.9869,41.602,-79.05
03021350,c07,0,0.000701435,0,0.146313,5.47926,0.381968,18.0091,42.0153,-79.7825
03022540,c07,0,0,0,0.118752,4.3659,0.387369,18.7419,41.6906,-80.0481
03028000,c07,0,0.00122383,0,0.148141,5.08209,0.428935,18.2533,41.5753,-78.6922
03031500,c09,0,0.0771098,0.532853,0.128108,9.8953,0.407145,16.4546,41.1006,-79.6812
03032500,c07,0,0.030098,0,0.104876,7.22739,0.39538,18.8085,40.9945,-79.3942
03034000,c07,0,0.00209035,0,0.10481,6.01026,0.396271,19.2748,40.9392,-79.0084
03034500,c07,0,0.0081206,0,0.110661,5.42085,0.379691,18.6086,40.8362,-79.11
03036000,c10,1,0.0249616,0,0.106255,6.79209,0.383586,18.653,40.9276,-79.2912
03036500,c09,1,0.0726541,0.493471,0.123052,10.053,0.403744,16.5213,40.8203,-79.5314
03038000,c07,0,0.112996,0,0.0935181,6.20191,0.374883,18.7197,40.6548,-79.3486
03039000,c10,1,0.0908747,0,0.0935971,6.58008,0.370491,18.5642,40.7203,-79.5114
03040000,c07,0,0.0881984,0,0.123598,7.06602,0.407251,17.7426,40.2856,-78.9206
03041029,c02,0,0.0760708,0,0.126182,7.46578,0.415377,17.3651,40.3414,-78.9261
03041500,c02,0,0.0747665,0,0.125289,7.53026,0.416228,17.2985,40.4192,-79.0261
03042000,c07,0,0.0150515,0,0.118664,6.21314,0.417807,18.0535,40.4734,-79.1834
03042280,c10,1,0.173218,0,0.108688,5.04019,0.405558,18.0091,40.5726,-79.1034
03042500,c12,0,0.131534,0.350436,0.107639,6.08877,0.399047,17.898,40.5173,-79.1717
03044000,c13,1,0.0617622,0.043818,0.114546,8.1679,0.411676,17.1652,40.4545,-79.3909
03045000,c07,0,0.0220177,0,0.0986904,6.09587,0.396403,17.676,40.2926,-79.3406
03047000,c10,1,0.0215569,0,0.085176,6.62275,0.387913,17.2985,40.4589,-79.4494
03048500,c09,1,0.0638441,0.904623,0.10496,8.46146,0.40341,17.0986,40.6045,-79.552
03050000,c02,0,0.00731581,0,0.106516,6.18885,0.336946,16.8321,38.8093,-79.8817
03051000,c02,0,0.00401557,0,0.0917778,6.98103,0.326039,16.6989,39.0293,-79.9359
03052000,c02,0,0,0,0.0830607,5.95832,0.300175,16.9432,39.0395,-80.0681
03053500,c02,0,0.0151708,0,0.0717281,6.54791,0.293253,17.3429,39.0512,-80.1145
03054500,c02,0,0.00629989,0,0.0826591,7.76666,0.310336,16.6101,39.1504,-80.0387
03056000,c13,1,0.0607984,0,0.0797749,8.02414,0.312587,16.6101,39.3198,-80.0251
03056250,c02,0,0.0588746,0,0.0657626,5.52352,0.320969,18.5864,39.3365,-79.9934
03057000,c09,1,0.0571,0.868981,0.0775185,8.16458,0.312588,16.6767,39.4351,-80.1326
03058000,c10,1,0.41447,0,0.0473221,5.56664,0.270037,18.0313,39.0045,-80.4734
03058500,c10,1,0.316652,0.534091,0.045788,6.19382,0.266196,17.9869,39.0906,-80.4676
03061000,c02,0,0.0879511,0.13175,0.0479221,7.59349,0.268366,17.6094,39.4223,-80.2759
03061500,c06,0,0.0134439,0,0.0624475,5.70424,0.277599,18.9861,39.504,-80.172
03062500,c02,0,0.0209548,0,0.0708611,5.09864,0.319406,18.3422,39.6292,-79.9526
03065000,c02,0,0.000263345,0,0.124788,6.80006,0.363667,16.8321,39.0723,-79.6228
03066000,c02,0,0.000667417,0,0.155152,5.40621,0.388155,16.2104,39.1271,-79.4684
03067510,c02,0,0,0,0.142585,5.04114,0.370707,16.9876,38.6171,-79.8698
03068800,c02,0,0,0,0.132511,5.96185,0.352076,16.8099,38.9132,-79.7703
03069500,c02,0,0.000626476,0,0.125624,7.52664,0.362073,16.7211,39.1229,-79.6812
03070500,c02,0,0.00884639,0,0.0813774,6.24878,0.347794,17.676,39.6156,-79.7048
03072000,c02,0,0.043276,0,0.063271,6.37737,0.311598,18.8085,39.7592,-79.9706
03076600,c07,0,0,0,0.122567,4.84732,0.397695,18.1867,39.6561,-79.3941
03078000,c07,0,0.00661269,0,0.123013,5.0844,0.406722,18.4088,39.7022,-79.1364
03085500,c07,0,0.0242831,0,0.0886493,6.50262,0.364005,19.4302,40.4006,-80.0964
03090500,c10,1,0.3247,0,0.0884693,6.47048,0.351137,20.6516,41.0484,-81.0012
03091500,c09,1,0.389555,0.911171,0.0874274,6.56351,0.351972,20.3185,41.1314,-80.9712
03092460,c14,1,0.831039,0,0.0926528,5.34244,0.388442,19.3636,41.157,-81.0718
03093000,c07,0,0.00034746,0,0.0931198,5.52863,0.385701,19.1416,41.2612,-80.9543
03094000,c12,0,0.304321,0.616988,0.0885641,7.30486,0.368381,19.297,41.2392,-80.8806
03095500,c14,1,1.02215,0,0.101485,5.50311,0.347567,18.9861,41.2998,-80.7584
03098600,c12,0,0.332249,0.460573,0.0897786,7.83424,0.368986,18.7641,41.1051,-80.6626
03099500,c12,0,0.317835,0.423591,0.0895195,7.91794,0.369405,18.8085,41.0367,-80.5362
03101500,c14,1,1.13698,0,0.108237,6.04073,0.349103,18.9639,41.4981,-80.4601
03102500,c07,0,0.01196,0,0.0987942,5.48784,0.391694,19.5191,41.422,-80.3762
03102850,c12,0,0.551576,0.482689,0.10401,6.76911,0.370218,18.653,41.3537,-80.3978
03103500,c10,1,0.366202,0.275829,0.10095,7.3287,0.369113,18.6752,41.2662,-80.4726
03105500,c12,0,0.2459,0.467002,0.0930289,8.65747,0.373403,18.3644,40.8887,-80.337
03106000,c07,0,0.0150803,0,0.09699,6.82594,0.365013,19.1194,40.817,-80.2423
03106300,c14,1,0.721328,0,0.0990579,4.88812,0.379785,18.9195,40.9631,-80.1251
03106500,c07,0,0.095654,0.127189,0.100047,6.9502,0.392454,18.3866,40.884,-80.2337
03107500,c12,0,0.186223,0.350912,0.0929231,8.99148,0.37494,17.9647,40.7634,-80.3151
03108000,c07,0,0.117444,0,0.0896522,6.13878,0.381513,19.4302,40.6278,-80.3376
03109500,c07,0,0.0160187,0,0.090432,7.17333,0.362467,19.2526,40.6759,-80.5406
03110000,c11,0,0.0106708,0,0.0717238,5.94387,0.393653,20.5405,40.5378,-80.7251
03110830,c07,0,0,0,0.0839526,4.84245,0.389213,19.8744,40.4356,-80.5926
03111500,c03,0,0.0491382,0,0.061109,5.76461,0.404849,20.2519,40.1934,-80.7342
03114500,c06,0,0.00109701,0,0.0485521,7.07943,0.23569,18.6086,39.4751,-80.9971
03115400,c06,0,0.000219363,0,0.0478964,6.29944,0.301394,19.6745,39.5631,-81.2037
03116077,c07,0,0.00579458,0,0.0783764,4.85964,0.379433,20.0076,40.9664,-81.8506
03117000,c11,0,0.0741905,0,0.0768701,7.19803,0.435248,19.5857,40.7703,-81.524
03118000,c07,0,0,0,0.0915514,4.75537,0.42395,19.5191,40.8414,-81.3537
03118500,c11,0,0.00106952,0,0.087515,6.117,0.424807,19.83,40.7342,-81.3521
03124500,c10,1,0.00742018,0,0.0695322,6.68847,0.390581,20.1408,40.5876,-81.5232
03126000,c10,1,0.343186,0,0.0548267,5.75723,0.39446,20.8514,40.1948,-81.2154
03127000,c12,0,0.150932,0.433769,0.055793,6.59247,0.388144,20.5183,40.2703,-81.2904
03129000,c13,0,0.0915685,0.226119,0.0691969,8.75132,0.39816,19.4302,40.2615,-81.609
03139000,c11,0,0.00381838,0,0.0678557,7.09245,0.395516,20.0076,40.4815,-81.986
03140000,c03,0,0,0,0.0662085,4.25342,0.381346,21.1179,40.3628,-81.8624
03140500,c13,0,0.0627979,0.113765,0.0698345,9.43825,0.386397,18.8973,40.2484,-81.8729
03141500,c10,1,0.444166,0,0.0482319,5.72324,0.331246,20.585,39.9245,-81.4379
03141870,c03,0,0.0056911,0,0.0536871,5.17905,0.353375,20.8292,39.9901,-81.4957
03142000,c06,0,0.13617,0.290932,0.0489608,6.9579,0.337463,20.1408,40.0145,-81.5871
03144000,c06,0,0,0,0.0678962,5.89554,0.368922,20.5183,40.1326,-82.1479
03144500,c13,0,0.0704628,0.111878,0.0654748,9.64896,0.380058,18.8973,40.1203,-81.9996
03145483,c06,0,0.000397405,0,0.0583965,5.32685,0.27468,20.4739,40.0689,-82.5517
03146500,c06,0,0.0305355,0,0.0603205,7.2407,0.305197,19.7855,40.0592,-82.3396
03149500,c06,0,0.000767637,0,0.0541069,5.27884,0.339937,20.6738,39.9087,-81.8604
03150000,c13,1,0.0643455,0.090304,0.0641922,9.86319,0.37007,18.6975,39.6451,-81.8499
03151400,c02,0,0,0,0.0664709,5.6724,0.288455,17.2541,38.7434,-80.5254
03154000,c06,0,0.000411404,0,0.0445708,6.27385,0.247509,18.1645,38.8443,-81.2226
03155000,c02,0,0.0103682,0,0.0452654,8.27505,0.248425,17.2985,39.059,-81.3896
03157000,c06,0,0.00648661,0,0.0562385,5.43318,0.319958,20.9625,39.5884,-82.5785
03157500,c06,0,0.0254065,0,0.0557313,7.08566,0.329473,20.696,39.5651,-82.4746
03159500,c06,0,0.0316597,0,0.0543891,7.80266,0.324197,20.5628,39.329,-82.0876
03159540,c06,0,0.000971255,0,0.0424078,5.99359,0.288813,19.3414,39.0637,-81.8818
03161000,c01,0,0.00548523,0,0.0494295,6.26884,0.583472,18.5864,36.3933,-81.4069
03164000,c01,0,0.00307236,0,0.0476807,7.99049,0.58547,18.2755,36.6474,-80.979
03165000,c04,0,0,0,0.0326552,4.62493,0.617114,20.5405,36.646,-80.9192
03165500,c13,1,0.00476552,0,0.0459246,8.15953,0.585904,18.4976,36.8348,-80.9526
03167000,c01,0,0.00516418,0,0.0447689,6.50572,0.511178,18.7641,36.9396,-80.8867
03168000,c09,1,0.00382657,0.610386,0.0473166,8.65319,0.565365,18.653,36.9376,-80.7456
03170000,c01,0,0.000753526,0,0.0546401,6.67789,0.49927,20.2963,37.0376,-80.5567
03171000,c09,1,0.0815163,0.487818,0.0490716,8.87734,0.551209,18.5198,37.1418,-80.5692
03173000,c02,0,0.00151769,0,0.0595849,6.65069,0.461544,18.4754,37.2682,-80.7095
03175500,c02,0,0.00119749,0,0.0564289,6.36001,0.467583,17.7204,37.3057,-80.8498
03176500,c09,0,0.0623257,0.732764,0.0513677,9.18827,0.528059,18.0979,37.3729,-80.8606
03177710,c02,0,0,0,0.0562931,4.74385,0.477291,17.9202,37.2715,-81.3048
03179000,c02,0,0.0121171,0,0.0593277,6.93189,0.436476,18.431,37.544,-81.0104
03180500,c02,0,0.00198546,0,0.119268,5.84371,0.36904,17.3651,38.5437,-79.8331
03182500,c02,0,0.000876201,0,0.106873,7.21889,0.390714,17.8758,38.186,-80.1306
03183500,c02,0,0.00249749,0,0.0860861,8.17399,0.400342,18.2533,37.7243,-80.6415
03184000,c02,0,0.0199884,0,0.0842198,8.34897,0.395573,18.3422,37.6401,-80.8051
03185000,c02,0,0,0,0.0632875,4.9176,0.402558,19.1194,37.7607,-81.1623
03185400,c09,0,0.0470182,0.936328,0.0580576,9.76126,0.47209,17.0542,37.9551,-81.0765
03186500,c02,0,0,0,0.111745,5.79812,0.355814,17.676,38.379,-80.484
03187500,c02,0,0,0,0.0909806,5.33472,0.350768,17.0764,38.2954,-80.5265
03189100,c02,0,0.00349784,0,0.0902928,7.22192,0.342557,16.7211,38.2909,-80.6409
03190000,c02,0,0.000861983,0,0.0905075,6.60947,0.331137,17.3429,38.1126,-80.8762
03191500,c02,0,0.0128761,0,0.045427,4.65139,0.33,17.5649,38.2626,-81.0232
03192000,c13,1,0.0920533,0,0.0753837,8.13382,0.335744,16.388,38.2334,-81.1809
03193000,c09,1,0.0571057,0.905483,0.0597088,9.9852,0.444899,16.1882,38.1382,-81.2143
03194700,c02,0,0,0,0.10631,6.53534,0.346028,16.7433,38.5973,-80.4904
03197000,c02,0,0.0391921,0,0.054351,7.98961,0.322819,17.0098,38.4709,-81.284
03198350,c02,0,0,0,0.0459157,5.10611,0.365057,18.2977,37.9662,-81.5243
03198500,c02,0,0.182317,0,0.0422079,6.92117,0.378402,18.0535,38.1798,-81.7115
03200500,c02,0,0.195771,0,0.0407111,7.70673,0.372365,18.1423,38.339,-81.8415
03201000,c06,0,0.00381149,0,0.0404745,6.4252,0.264721,18.6752,38.5262,-81.6312
03201405,c06,0,0.0184595,0,0.0345878,4.28503,0.303865,19.4969,38.4454,-82.0068
03202000,c06,0,0.0185619,0,0.0442815,7.324,0.297123,19.5635,38.859,-82.3618
03202400,c02,0,0.0194321,0,0.049591,6.67553,0.427913,18.431,37.604,-81.6451
03202750,c02,0,0,0,0.0455497,5.79029,0.411887,18.8085,37.6232,-81.7073
03203600,c02,0,0.0593889,0,0.0430215,7.67695,0.418581,18.1423,37.8423,-81.976
03205470,c06,0,0.0185336,0,0.0424709,6.6572,0.272132,19.5857,38.5962,-82.4952
03206600,c06,0,0.341579,0,0.0380214,4.60101,0.312628,19.7189,38.0173,-82.296
03207800,c02,0,0.020483,0,0.0398517,6.64455,0.376748,18.5864,37.3537,-82.1957
03208950,c02,0,0,0,0.0366738,5.14704,0.355217,18.5864,37.124,-82.4388
03212500,c02,0,0.127576,0.103045,0.0316546,8.62216,0.329754,16.6101,37.8154,-82.7915
03212750,c02,0,0.00415338,0,0.0426799,6.11102,0.449432,18.2089,37.4412,-81.5998
03212980,c02,0,0.0245617,0,0.0400421,6.29586,0.455309,18.3866,37.3954,-81.8026
03214500,c02,0,0.116982,0,0.0357537,8.10442,0.395678,17.3651,37.8373,-82.4088
03219500,c06,0,0.000754025,0,0.063393,7.29268,0.254617,19.6523,40.4195,-83.1971
03220000,c06,0,0.0377781,0,0.0542122,6.13971,0.276497,20.9181,40.2484,-83.1738
03221000,c10,1,0.0708543,0,0.0603166,7.84348,0.254854,19.9854,40.1434,-83.1205
03223425,c06,0,0.134433,0,0.0792216,4.58771,0.274041,19.9632,40.549,-82.8213
03225500,c10,1,0.0714266,0,0.0697489,6.92713,0.228047,20.2075,40.3551,-83.0671
03226800,c09,1,0.0815833,0.797585,0.0639108,7.1533,0.225863,20.1408,40.1103,-83.0319
03227500,c09,1,0.0724005,0.848637,0.0596566,8.34406,0.243697,19.9188,39.9095,-83.0091
03228300,c06,0,0,0,0.0591555,5.57158,0.242547,20.2519,40.2362,-82.8513
03228500,c10,1,0.560362,0,0.0575123,6.19644,0.236221,20.2741,40.1037,-82.8841
03228750,c06,0,0.00481426,0,0.0697661,5.13561,0.225652,19.8966,40.3567,-82.9216
03228805,c14,1,0.955928,0,0.0559581,5.78537,0.222888,20.0964,40.1823,-82.9616
03229500,c12,0,0.415332,0.573383,0.0557875,7.26123,0.238881,20.052,39.8567,-82.9571
03229610,c09,0,0.15284,0.854158,0.0576419,8.67915,0.24318,19.5191,39.7742,-83.0077
03229796,c06,0,0.00122106,0,0.0550007,6.5578,0.30919,20.5183,39.7026,-82.963
03230450,c06,0,0,0,0.0487363,4.57465,0.244925,21.0735,39.8478,-83.1573
03230500,c06,0,0.00260592,0,0.0526096,7.22762,0.349428,20.7182,39.7006,-83.1102
03230800,c11,0,0.0184007,0,0.0535919,6.38746,0.390956,21.5842,39.7151,-83.2571
03231500,c09,0,0.0998648,0.50362,0.0557221,9.20744,0.278362,19.4969,39.3415,-82.971
03232000,c06,0,0.00457777,0,0.0588915,6.47179,0.351969,20.8514,39.3792,-83.3755
03232500,c10,1,0.324057,0,0.052766,5.89508,0.255087,20.3851,39.2184,-83.3855
03234000,c10,1,0.089278,0.173763,0.0569446,7.64514,0.31211,20.0964,39.2637,-83.1669
03234300,c09,0,0.064006,0.709967,0.0556371,7.98768,0.306908,20.2297,39.3203,-82.9782
03237500,c06,0,0.00170175,0,0.0425346,6.91096,0.224007,20.052,38.8037,-83.421
03241500,c11,0,0.00162393,0,0.0587028,5.14116,0.455056,21.1845,39.7228,-83.8827
03244936,c06,0,0.000397689,0,0.0418765,4.92739,0.229953,20.6516,39.2648,-84.2327
03247500,c10,1,0.233019,0,0.0484465,7.1175,0.211414,20.2741,39.137,-84.238
03259000,c06,0,0.0292428,0,0.0433306,5.73648,0.210479,21.2289,39.202,-84.4711
03260706,c11,0,0,0,0.062935,4.63542,0.48084,20.4517,40.3112,-83.9124
03261500,c11,0,0.0528436,0,0.0657992,7.2466,0.438337,20.3629,40.287,-84.1499
03261950,c10,1,0.0117013,0,0.0728157,5.97787,0.32636,20.6738,40.307,-84.3838
03262000,c09,1,0.00784345,0.591617,0.0727667,6.50277,0.347404,20.3629,40.2098,-84.2422
03262700,c11,0,0.0347393,0.278186,0.0662451,7.78223,0.41368,20.163,40.0403,-84.1977
03263000,c13,1,0.0280795,0.224196,0.0645599,7.998,0.428875,20.2297,39.8728,-84.1641
03264000,c06,0,0.000220367,0,0.063165,6.21365,0.302233,21.4732,40.1023,-84.4299
03265000,c06,0,0.000200351,0,0.0630768,7.17089,0.306411,20.8292,40.0578,-84.3561
03266000,c10,1,0.000571164,0,0.0614706,7.42123,0.319725,20.8958,39.8703,-84.2861
03266560,c11,0,0.00979507,0,0.0717962,4.53941,0.477168,20.9847,40.2523,-83.7497
03267000,c11,0,0.00217347,0,0.0661115,6.04303,0.528246,20.7182,40.1076,-83.7991
03267900,c11,0,0.00280251,0,0.0625711,6.68765,0.54846,20.9625,39.9642,-83.8316
03269500,c11,0,0.110267,0,0.0603264,7.14328,0.552898,20.807,39.9231,-83.8702
03270000,c13,1,0.0854045,0,0.0593645,7.40222,0.546756,20.6738,39.7973,-84.0885
03271000,c03,0,0.000185998,0,0.0543802,5.19326,0.369273,21.451,39.7667,-84.2366
03271300,c03,0,0.00153437,0,0.0548317,3.94986,0.383488,21.0513,39.6542,-84.1958
03272000,c10,1,0.0010106,0,0.0555806,6.58056,0.330337,21.1179,39.6378,-84.4038
03272700,c06,0,0.00553548,0,0.0599345,5.17869,0.329323,21.3622,39.6292,-84.6444
03274000,c09,1,0.0311633,0.7451,0.0593379,9.14885,0.398977,20.0298,39.3912,-84.5722
03288100,c06,0,0.00300536,0,0.0381804,5.94138,0.242895,20.8514,38.2195,-84.563
03297900,c06,0,0.0116441,0,0.0320673,5.33525,0.184226,21.451,38.2853,-85.4675
03320000,c09,1,0.0868886,0.817573,0.0260164,9.88284,0.292204,19.4302,37.5339,-87.2639
03431599,c06,0,0.0014667,0,0.0168452,4.89051,0.276915,21.1401,36.2176,-86.8202
04015330,c11,0,0.000565801,0,0.163443,5.41323,0.473376,20.8736,46.9469,-91.7924
04021520,c11,0,0.139032,0,0.153031,5.25855,0.438059,21.4066,46.7817,-92.6367
04024000,c11,1,0.291054,0,0.155112,9.0871,0.491103,20.4517,46.7033,-92.4188
04024430,c11,0,0.000741123,0,0.137784,6.99508,0.50139,21.451,46.6333,-92.0941
04073468,c11,0,0.00326105,0,0.116193,5.00749,0.511545,22.3392,43.8244,-88.9268
04073473,c11,1,0.403867,0,0.117095,5.62699,0.522182,22.2948,43.8575,-88.9465
04082400,c11,0,0.0346185,0.0201801,0.122918,9.53004,0.643894,20.3851,44.0136,-88.5409
04084445,c14,1,0.54338,0.0179923,0.120384,9.6448,0.624667,20.4739,44.248,-88.4232
04188337,c06,0,0,0,0.070864,5.91173,0.212295,20.6294,40.9245,-83.5572
04188400,c06,0,0,0,0.0699909,6.40812,0.203571,20.5628,41.0339,-83.5794
04188496,c06,0,0,0,0.0692709,4.90313,0.198754,20.2519,40.9792,-83.6533
04189000,c06,0,0.094498,0,0.06852,6.81267,0.199921,20.1186,41.0559,-83.688
04191500,c06,0,0.0504327,0,0.0670443,8.70595,0.244965,20.6072,41.2375,-84.3991
04192500,c13,1,0.0367172,0.00590364,0.0732951,9.56439,0.315955,20.2075,41.292,-84.2811
04200500,c06,0,0.0248353,0,0.0766425,6.93433,0.262924,19.4525,41.3803,-82.1046
04201500,c07,0,0.0196903,0,0.0801888,6.5377,0.354539,18.8751,41.4067,-81.8871
04202000,c07,0,0.143561,0,0.117022,5.96647,0.336945,18.0979,41.3406,-81.1668
04207200,c07,0,0.0100382,0,0.091796,5.40314,0.415898,18.9417,41.3845,-81.5273
04213000,c07,0,0.000598962,0,0.10706,6.12095,0.312961,17.9647,41.927,-80.604
04282000,c05,0,0.000853772,0,0.21325,6.68229,0.466213,19.7855,43.6037,-73.0132
04282500,c05,0,0.00525713,0,0.20163,7.39809,0.474419,19.2748,44.0131,-73.1679
04282795,c05,0,0.00311104,0,0.183156,4.75428,0.457355,18.653,44.3701,-73.2162
04285500,c05,1,0.000732073,0,0.203048,5.20344,0.475507,19.1194,44.2995,-72.5787
04286000,c05,0,0.00291017,0.177807,0.206374,6.93049,0.47629,19.408,44.2564,-72.5929
04287000,c05,0,0,0,0.21468,5.29087,0.475106,20.1408,44.1828,-72.6404
04288000,c05,0,0,0,0.21047,5.89728,0.469692,18.431,44.2773,-72.7426
04289000,c05,1,0,0,0.219905,5.65905,0.490122,18.653,44.3701,-72.7693
04290500,c15,1,0.00300452,0.17858,0.210408,7.87284,0.474846,18.2089,44.4789,-73.1387
04292000,c05,1,0.0404485,0,0.211823,6.70351,0.468498,18.2533,44.6228,-72.6762
04296500,c05,1,0.0368391,0,0.218678,5.92697,0.463786,17.9202,44.9403,-72.1893
